Z1,Z2
0,2.314886109005825,1.4749687535424472
1,1.5590788346862188,1.7351096086362372
2,0.6101373582023509,1.4873276523307828
3,1.641543346966679,1.1171755259011973
4,1.8491943830762838,0.5060741905301855
5,2.5566969515940716,1.0604917841703292
6,3.008149082324109,1.379703395215552
7,3.031902020849131,1.7973775975310675
8,2.4506223044481525,2.242180604295344
9,2.90225854198785,2.0509346758844407
10,1.2520308336566432,1.7973041818666682
11,3.433838899803888,2.087264908438766
12,2.5430234395048514,0.8552222206046919
13,1.737322142533505,2.468911491009214
14,2.4521550470325306,1.69490149349468
15,1.950153032840158,1.2494074169367726
16,3.21696381863168,1.6886800253578818
17,3.7406792588044104,1.433987883728102
18,4.561945456359257,2.4096871822149546
19,0.5291762397669089,2.683797689966948
20,0.4231915492093443,3.205078554633372
21,1.3067532073749069,0.23208902445283944
22,2.2292445963940386,0.34943790444796585
23,2.866039403483342,0.8169808354179293
24,2.1666326390903605,1.3799054146004215
25,-0.3687232806515883,1.8619256391931547
26,1.6038837302215274,1.4573509914759888
27,2.7777688403872505,-0.3911095629368323
28,2.170082246394064,1.039696648648312
29,2.929857575427456,2.0360834653553037
30,1.73681423090511,1.5004327602523502
31,1.7769621734790797,2.0486963521012957
32,2.4406623765319977,1.4512148080784617
33,2.365192166882448,1.1580088763887217
34,2.1364979000300384,1.6268318714629895
35,2.1433716541127676,1.6680966605422762
36,1.2526901537199502,1.4859671986589107
37,2.4429122574553994,1.527952250381325
38,2.204648385531942,0.9475280950453264
39,3.2191348264833644,1.6867411079990318
40,3.3101840260921804,1.5346282280728822
41,2.021346189072627,2.071068508378644
42,1.647819359241609,2.377761622605261
43,1.1881493519157098,1.3056951324661936
44,2.5309945768059228,1.2186243388045248
45,2.109552207702507,0.8561826788600884
46,1.5756746663883767,1.7256099132807057
47,2.116838591108704,1.5455685939827875
48,1.2086757579162524,0.9936489527310582
49,2.717737872587693,1.4316896488843451
50,1.4594092750921908,0.7973237268981656
51,3.323236627136243,1.878694662661579
52,2.509331816764302,1.0870775033589555
53,2.6719304560148665,2.3452597194494627
54,0.7382325561195331,1.6991678581696903
55,2.339558417479193,2.0235890603250644
56,2.88474989617924,0.5869005892570107
57,1.0254801951998793,1.7122417494240425
58,1.798088192452672,2.1102534763821237
59,2.1957629752851933,0.8777231105624143
60,0.40694230235431633,1.176033089342618
61,2.29189917569437,1.482257927147484
62,3.1090065297878158,0.46308942909230033
63,0.9194613845251578,1.4692583424264019
64,2.330306259875246,2.121010254196199
65,0.522179696174389,0.6093144177031744
66,1.960024113920084,1.6338035560254123
67,0.3496128620982475,0.49248823959394394
68,3.0974455137716146,1.2359029144564426
69,2.46178599695243,0.2567244086906925
70,1.9400587232695086,2.135349234372995
71,1.1742791167864657,1.7502070957392422
72,3.5140377196246804,1.470947302738682
73,4.121974933293384,0.7801583908637012
74,-0.10423804523543287,2.399368409393271
75,3.2342917250887218,2.7598937448959875
76,3.9194931282013363,0.05611066807273575
77,2.38548189798782,2.277673239318002
78,0.5269001099410795,2.58974013525072
79,2.9518706509921624,1.6720281302852127
80,1.8890504690901788,0.4568928783349
81,1.1775660515040771,1.9081881977711737
82,0.3954076701377289,1.0708069477345121
83,2.6771348506991557,0.895839841178173
84,2.795531313522919,0.200229130108047
85,1.1170037536315836,1.6768819517687634
86,2.738994458857369,2.1232324075427043
87,0.8317425149196698,0.8724206710472354
88,2.8504655662757004,1.8857145524173793
89,2.1469111324637047,0.6779068646409132
90,1.8335205865807531,2.034073232071827
91,1.8922730464670063,1.5070312989736594
92,2.9119015894891542,1.2395912273892264
93,2.7355185879115247,1.23465691658692
94,2.601172489318074,2.0570917451725017
95,2.115595913015711,1.8789875935566531
96,1.99535206829604,1.730569570114715
97,2.6859911687581124,1.4866900196707329
98,2.233401615052398,1.3744040477630142
99,2.725645831244764,1.8550331018245088
100,1.6896634374387347,1.5941730188452792
101,-0.7783850856929355,1.807888536696252
102,3.133954051641711,1.1740113958034695
103,4.3373396998769875,-0.6132074717797514
104,2.3929287160485435,2.101195664272301
105,1.8536011657335818,2.999909712259323
106,1.813136568090814,1.6382758876104309
107,1.8377976381310124,1.2662780606968105
108,2.0560467108200413,1.3060919593536058
109,0.7225825589280599,1.2432615072413458
110,1.4423578900693519,1.4503944913556315
111,0.8610229692130199,0.46356027087795126
112,2.1823226061037757,0.9182940516257746
113,1.4207088194775983,0.34973016553466124
114,2.4059512476642273,1.3888446155611136
115,1.8599181481991565,1.0465877975502262
116,3.1225636571070012,1.7217608238685937
117,2.200684772518408,1.2677401847888319
118,4.548108528443371,2.324133386551565
119,-0.15090091495704971,1.4755754409860378
120,1.2016559484233142,3.096940275414073
121,3.027864469849833,-0.06940175143368421
122,4.762275540030719,0.82227642644
123,1.7784132728785749,2.171416657260464
124,2.1470857349431034,3.4326427204683783
125,1.7552195910616615,1.2490545488416294
126,3.4142060747333947,1.4525632653472154
127,1.9029915611818509,1.4476839247486346
128,2.654933453966685,2.296800882414146
129,1.7438710684572496,1.4277469200730835
130,0.41711612175405144,1.6753841703013248
131,2.406345882459315,1.2821531378696143
132,2.6492468790881314,0.3877248695371089
133,3.4967805020387965,1.7586741489748288
134,1.8062174126869392,1.7821819571076791
135,1.3159689782924204,2.442813599803175
136,2.675603220323262,1.3209182029231903
137,2.3450345037546505,1.0014019870978392
138,2.242323700081301,1.8065143694726815
139,2.03096986625902,1.7529179930092806
140,3.400352146824989,1.6936063098887528
141,2.503475408836487,1.5187123272045047
142,4.085817782492765,2.3709397060951782
143,3.2908491112647456,1.8211195290337312
144,2.549368424185933,2.684486096220637
145,0.17644554763385883,2.2702221001970635
146,2.62104085389979,1.743047542504751
147,2.5687265482207526,0.22992800755268808
148,2.969160721709686,1.9118424793556268
149,3.2451390057072773,1.8943612852838192
150,1.5001501765430063,2.0195286927076057
151,2.775829126684779,2.1410202503844245
152,1.4956551680230987,1.164296265724202
153,4.171849711531864,1.9645642177012708
154,0.6411408635114427,1.153246314296585
155,0.053547041676794783,2.910599256187761
156,0.25485063741562775,0.519442634280148
157,1.1672548131722245,0.18434888492533427
158,0.8436450721448805,0.25306745675152076
159,4.027245401699472,0.692636976846022
160,1.6352233991831095,0.5849243975705285
161,0.45221988015931286,2.7482350296641225
162,3.2283755847354856,1.1472106897058911
163,1.2689256604844168,0.2306559092996877
164,0.8373926512644371,2.4577942747748143
165,3.0423662741135544,0.9671914160384167
166,2.753196933180459,0.6536733948297291
167,1.4047538406955864,2.0128625838258247
168,3.6085171720403544,1.9874610250013238
169,2.0508873042764444,0.8922032550815567
170,3.743589520083846,2.490906981769063
171,2.5961947607501594,1.4788009035437757
172,3.561679872747636,2.4675064421244826
173,2.1111417050095915,1.8081350714667321
174,0.6334687402948153,2.4683634878950964
175,4.670577246831612,1.4540709263707894
176,1.4605328139524993,0.5043125169396945
177,1.8153703390542548,3.3034960610141693
178,1.082786469910872,0.8755977950910018
179,1.6744253529438342,1.1689184841428268
180,2.12993536130003,0.6209495050476663
181,2.1148507326886143,1.064935282987894
182,2.809240911468317,1.5730733480197756
183,4.009443816192854,1.5184652992017593
184,1.9039045187224817,2.002884185717661
185,0.7041264916515695,2.8671699719776362
186,0.7881168721500977,1.4213999744164318
187,1.3074787202624394,0.5326972344375773
188,0.15419733727010945,0.5474945361560033
189,2.7809000273190994,0.7886023246199221
190,1.504194392719048,0.16016744880231074
191,1.657540277935853,1.9462537731923584
192,2.0362508193231244,1.0912675253482618
193,0.44530404796781453,1.1418647095778869
194,1.0529935027606,1.4258170731404334
195,2.642218189963174,0.21174834528387437
196,2.6798238593024437,0.7365262673699406
197,1.653372162482291,1.9904140192272142
198,4.0579858176928045,1.9422741136665123
199,0.4883251015572208,1.081985230108336
200,1.4996736850246537,2.719749688580094
201,1.8006309260769593,0.39638221461603046
202,-0.9793631891463862,1.142801890532066
203,4.311380979695194,1.4405409329713785
204,2.300419172064374,-0.7881002763321602
205,0.9869157463595974,3.153930752244804
206,4.30958071462015,1.6635833479220223
207,2.444290392018549,0.49090321428064604
208,2.556510226726732,3.1007379729366757
209,1.3714667239024712,1.7501682363355062
210,2.1141215639937005,1.7868337262636735
211,0.5573198473295572,1.1955949019135805
212,3.135462838156225,1.7408192290844857
213,1.6114101161603176,0.41341616001855047
214,2.329589398282698,2.37696036878197
215,3.329380991714259,1.1351077246068049
216,2.370675170714859,1.6881648275787837
217,2.2032705899806144,2.2451230941710003
218,2.192667389137977,1.5479907733339766
219,1.188449756491626,1.5373379337629003
220,2.6264752137099614,1.2417371947288498
221,3.586986761361023,0.7212065690202287
222,2.7215621909638146,1.7254086144530636
223,3.1103473331290212,2.6478383701703656
224,1.1915232349811982,2.0616264394658756
225,1.1590573051832351,2.2908663835337677
226,0.37775638050252464,0.7967862717103873
227,3.4278596732981983,0.883721409015183
228,1.859027517147619,0.4030548378674914
229,3.377867155086187,2.237540589665841
230,1.032553437017759,1.1939755499765727
231,1.5246785007820196,2.3704453904537894
232,2.128724327718788,0.7465441377208357
233,2.9264717767069324,0.9801516517288833
234,2.174873319034404,1.5981551330580983
235,2.253193887293006,2.0694869004793706
236,1.9701437366940535,1.4743747359819592
237,2.096537015920711,1.478866244722259
238,0.7878876929381686,1.395105328297225
239,2.173369194266849,1.5519252943407402
240,1.8706476334775823,0.6274059113969133
241,1.8884521451584029,1.472317510119629
242,2.4157763518835966,1.1836594837875902
243,1.4999447612726489,1.5706072179933053
244,1.7812932460670516,1.565295522530662
245,1.6759438707706635,1.0530032747123717
246,2.3888421336097316,1.1767152003843186
247,2.909857626574035,1.219770619996351
248,1.00035701389314,1.7235142960310101
249,2.586476292755579,1.978875157144526
250,4.355518707275974,0.7834069647604536
251,0.4564843718595427,1.8852903952043354
252,1.0630453843360401,3.025097564275847
253,0.9514328086715196,0.2396072288017876
254,1.8647095238447002,0.9158487865775474
255,3.948153933455202,0.8290229049758646
256,2.1174679603137756,1.4080766830231717
257,0.9915638456271583,2.519434553861749
258,2.721422356552922,1.5196660740364352
259,1.4867804814783296,0.8406601575952727
260,3.141016132597833,1.810258403960749
261,2.5834180512860287,1.2883706440524472
262,3.672594129510937,2.343648086322125
263,1.201158689868835,1.7370299932373756
264,5.304486497951984,2.5413595650004064
265,2.823331098386605,0.7570990937579862
266,2.843761625149571,3.836864005870589
267,1.8747038939167675,1.9073429551558216
268,1.4310667914258013,2.219856760078371
269,1.0808382271805435,1.34767649830823
270,1.8229584606069058,0.9742802733156152
271,1.085936580317913,0.7195201033867362
272,2.238862775459241,1.2039904144108124
273,1.2061792416840678,0.8750420229386593
274,2.5451050308042373,1.4291180027027963
275,3.0461984330877345,0.8387900277294158
276,1.1178629612258775,1.6758610409313557
277,3.296848274532473,2.117232503163724
278,1.6694194602721497,0.713659662457665
279,3.3165261081394193,2.3535032256151025
280,2.8671255722592726,1.5537362124294158
281,3.1825751213977824,2.269582243272574
282,0.8151575341538453,1.9188672098179869
283,2.0374370092537037,2.382712979689299
284,3.385687458203952,0.35972554546161484
285,1.253068915433021,1.3591153543603502
286,-0.24428765501889024,2.366614913972751
287,-0.44483637338662585,0.5691599670405898
288,-0.6516469934969245,-0.06556363406648016
289,-0.3051765383790797,-0.2909816856412088
290,1.5246239100588395,-0.47872590588167685
291,3.4289076282542967,-0.1910968397369535
292,1.5092848782273536,1.0629738227330312
293,2.3398031795713257,2.3841584303877577
294,1.8365523783889786,1.0140424323280934
295,1.9157771479254726,1.5442355336457734
296,1.9801258229573178,1.4507312115487903
297,1.6644994672924769,1.1971418495790975
298,2.6680410931776253,1.5468486592730284
299,0.703890481877466,1.1626210475676464
300,3.162423647454318,1.918912517610459
301,3.0553481797510336,0.5360517904927203
302,1.6900045845373226,2.1182642127188362
303,2.8492275669562734,2.102038526126597
304,1.298626161304928,1.2531082393639483
305,1.49190554466114,2.0773101677934034
306,1.9627654650093107,0.6999135426256688
307,1.7837840139528163,1.037361022808962
308,1.5613535918133137,1.4289012532586163
309,1.3445986431699293,1.3329402956021565
310,1.3925530117287204,1.0987447199626876
311,2.8160451273809324,0.7241785589837463
312,-0.10169509006588698,1.0107477643794056
313,2.3869049722204627,1.9703927605808491
314,1.702875607218366,-0.10823030883346965
315,2.894494406210152,1.7647330367648617
316,2.567011794951466,1.1924437450010201
317,-1.0637731092360518,2.02316088952927
318,2.8015261432036747,1.9553231281445318
319,2.3442796725854103,-0.7570631716730888
320,1.9536784709853217,1.8906976509386861
321,1.4573584147480023,1.61389538346347
322,3.0246319598298457,1.453597545368386
323,1.5984763415789103,1.0729594725846474
324,3.990346026692438,2.0893990092586745
325,2.5324421479774992,1.0305544460389913
326,4.456978556925835,2.8986099014271103
327,1.1228770457772308,1.7596739459737392
328,-0.018574344403650536,3.032828849700571
329,2.713205147128522,0.7129505219381864
330,2.953260658915646,0.002284149935275138
331,1.9877214242886434,1.8480689205183758
332,0.12277877588082842,1.8827338074408884
333,1.4139508333231734,1.2980405335129541
334,2.6436853858679594,0.04984644167217128
335,1.6742698321663456,0.8666293737116868
336,1.9177314603044915,1.8958949344316989
337,1.7453346560251943,1.1103284040695642
338,0.9646828365271585,1.334400979929454
339,1.5210151238601315,1.3290717417697266
340,0.7250175074071037,0.9695064555486996
341,4.1087082186269095,1.2286628621868718
342,1.6882532866097075,0.7186757044464606
343,2.387252451781981,2.7379770048215044
344,0.9266441825412068,1.2324960222734422
345,2.850279604726926,1.647375257413122
346,-0.06246796063397434,0.6466600425437021
347,3.0414923935991953,2.024011487047592
348,2.0496955241705583,0.04487266909335832
349,4.367948053435266,2.175327169993922
350,0.682543477730574,1.554517824778385
351,2.166750382049966,3.1402954912791006
352,2.4474347799131553,0.521260219052306
353,3.54452757785906,1.7050637336801753
354,1.5661687439108631,1.7445157473799247
355,2.017021020863758,2.4030794781883835
356,-0.23941360190377148,1.2136179208189382
357,0.9678569438871176,1.292957408916727
358,2.433411267961342,-0.23095579898206375
359,3.100704392047283,0.5636124938347302
360,1.7501347084885062,1.7634324920336197
361,4.123550768673642,2.032052767588616
362,4.0539525464959105,1.342772693343862
363,1.9630710190312484,2.916274298055088
364,-0.4660944378529423,3.0265256459853616
365,0.07841516837153786,1.4078878950799982
366,1.317578412161183,-0.15304298504572253
367,3.2300337887809287,0.057499187924419534
368,2.290426103851829,0.8714314758025131
369,-0.38237315911139025,2.1823230908803533
370,2.1512941004516377,2.0062347849050965
371,3.949003994847309,-0.09335472855009164
372,1.6518970938737294,1.5700881202227936
373,1.2951828080770937,2.8844521834734427
374,4.269242469918748,1.1654839228604308
375,2.0330594518105833,0.8809369269863663
376,1.430789362630718,2.946331900238529
377,2.3596470274909462,1.3976047690472477
378,2.1428300503758324,1.1255014052058376
379,1.5282085102691587,1.6520179355714242
380,3.4181388273079936,1.588817901163917
381,3.2052430526288456,1.0477170267543217
382,2.978333265078258,2.446082730238639
383,1.8192973920412996,2.176143468212383
384,3.1353131405495422,1.9585560120648915
385,2.002223189883593,1.3304042013870465
386,2.514023168578595,2.1954347730115495
387,2.9976251656367423,1.262125843821806
388,2.7559022074336155,1.6259896291463818
389,3.932610348461364,2.0622178128801854
390,2.4812492973077465,1.913968424867089
391,0.25400001400217764,2.8592932423801933
392,0.7075270606199567,1.7205886842158828
393,3.5584002633896,0.25108277264122586
394,1.5587308392750547,0.41841126863491557
395,2.416829756983638,2.4825168817099574
396,1.1826425826389935,1.2103553923154413
397,3.134318544321727,1.7251298081619424
398,1.5320991465986349,0.7832644281619997
399,3.7689445733189886,2.359048491873726
400,1.3519282230461087,1.0098550486531483
401,3.2480647182504603,2.6563791831842867
402,2.8159975568107396,1.02051159764006
403,1.2342815104738734,2.3025579092047614
404,3.3858056178001834,2.148107941545804
405,1.0071763446033493,0.8629713414586584
406,0.9660468886230615,2.240824728877867
407,2.809945354716039,0.7210863746144218
408,1.1027375130759638,0.46684653672469356
409,1.4294808276223951,2.0496699499035826
410,1.6975757552275943,0.8477827945122005
411,0.8011166211239009,0.9019393093193451
412,3.140874631923116,1.1796838099411446
413,2.6286038155845977,0.5200192820379937
414,1.84593564409948,2.120809452805192
415,1.9426696590877806,1.9019236038878926
416,2.434339305242484,1.2313231920682233
417,3.8124620848040793,1.2304622355945467
418,2.9578997329170975,1.7038704638013695
419,1.4426027990777786,2.6706291061435747
420,2.942957242645094,2.158325929913313
421,1.9420494835930409,1.082519732260884
422,1.6936391213972435,1.9726071934329064
423,4.051383343710094,1.3576994695578848
424,1.6799097372225287,1.3262888096465346
425,1.4309055613830335,2.7939773086202453
426,-0.40606301023346747,0.9171896217920585
427,0.42456465414120426,0.9687606071077783
428,2.37799943821896,-0.40247990155252567
429,1.3048476114139118,0.36645586061651786
430,2.555640299691515,1.6532847244832223
431,0.8587687212404058,0.9985202068326746
432,1.172810032871249,1.8057990516202176
433,2.7322262973885083,0.591336624605188
434,3.7292370977894667,0.943222502289955
435,2.573908313684423,1.8347466402899573
436,3.462145826925374,2.754997869484624
437,3.8576357790476705,1.784318010117119
438,3.250172219219785,2.529576229598042
439,0.9866322156604962,2.6972613031238937
440,1.8230602506564904,2.214059987868636
441,2.6785988914996004,0.6760262047085456
442,1.6045076250123353,1.3369813918889375
443,2.526960179434661,1.9048387624310352
444,0.24213891443778532,1.102366165880332
445,1.1689963668476882,1.8493592691939968
446,2.5708167357922416,0.15854625575499964
447,-0.4141801566963832,0.8649124623207165
448,0.7285644441412065,1.746619911708783
449,2.079089164594958,-0.19134679539135369
450,0.20515963804628945,0.6064886710266095
451,1.9024889503167723,1.2950182698429413
452,1.0964796870757276,0.11959367346906631
453,1.5329425802938847,1.1854389005665413
454,1.656539597625736,0.7089565173193311
455,2.2646277115758577,1.1294650004670537
456,1.4855449793351312,1.2652903057136793
457,2.078259479013762,1.5648438290620128
458,1.4053742681821424,1.106528234431056
459,2.5383272383067212,1.3814280125312306
460,3.776863263356002,0.897435226466612
461,2.2280951303634713,1.7883674400028555
462,2.05976768522469,2.5167157886915623
463,0.781388169402941,1.6214635289346933
464,2.7529447786934274,1.4320793101242866
465,1.210879974823598,0.5917257548175123
466,1.0121312150720083,1.828924476276749
467,2.580815348317256,0.8152479325499377
468,2.138173970193111,0.6475232019498589
469,3.2989884231349214,1.8876661709130313
470,3.675367470863425,1.5849246286526624
471,1.317190041903538,2.2201316565207247
472,2.1619529182470916,2.5934954586799503
473,3.94204373177882,0.927620059178442
474,3.2556534520124445,1.7058273195334452
475,2.831150897088221,2.806227553999799
476,3.438177002253662,2.28030774701338
477,1.2198904558209605,1.8667593498635286
478,2.725571047945759,2.4320531991672283
479,3.585516109638877,0.8892607004131399
480,3.852906928357469,1.9778031477355775
481,1.041427235681597,2.438091811549257
482,1.5756621243251152,2.5495386025699105
483,2.333734055910983,0.6417464297913009
484,1.6799950006781041,1.1008555650164824
485,1.638173307747915,1.7027850106744566
486,2.5291093289992705,0.9527043684737954
487,1.6516185280975306,1.1870908246747869
488,0.16118659436480884,1.8982673049839853
489,2.2613603574587495,1.0194612797034956
490,1.5030608191946095,0.08283350487799603
491,1.2239327422851036,1.611569072409595
492,0.3466963707175868,1.1211509098753094
493,3.3590163436754237,1.1005645496061198
494,-0.4212636117809398,0.27124774275638713
495,0.110288195889476,2.330866601656798
496,1.7117522408811563,-0.27970161854824394
497,3.216882448178446,-0.05776695891468815
498,3.4076370382386805,1.1651871106045713
499,0.6893392957389077,2.2116379078861206
500,1.8662861613863133,2.4470275037352955
501,0.43556848238534845,0.5796080019989096
502,3.1426506638841176,1.3367232067021377
503,0.4274915895285488,0.35660845377049116
504,1.9008091996872754,2.2581799839141192
505,3.1337893601857973,0.2967513160110554
506,1.7265326757349502,1.3017545468989422
507,3.6524019079409205,2.228878081862664
508,1.3281331922736916,1.4937151107980942
509,2.3038551530022415,2.4544269720593244
510,2.8589202022448013,0.8500030324302787
511,1.6585643622935593,1.424945872880308
512,3.5763943377176366,2.0526927886180464
513,2.479105945203313,1.037158455651792
514,0.11318150340886325,2.417852092120385
515,6.475080305841353,1.8559914930419128
516,2.6568121797603625,0.022531223646832965
517,2.1158559261448895,4.530334517027888
518,0.43182701887406827,1.830289645239446
519,2.1987980544330297,1.5899526020482742
520,1.509556701713319,0.3177727288499227
521,2.7853341992105936,1.6157038046803593
522,2.3770172420255413,1.0248696128918127
523,4.035028403328406,1.9464519091995038
524,2.146082474469722,1.653518034108651
525,2.542383804573952,2.8020476589164334
526,2.2360436692604555,1.3285988647266744
527,2.0262107603676727,1.969218206934772
528,1.7517175055618759,1.518688291096221
529,3.307774647556987,1.515021956879028
530,2.7156962001903904,1.0838686052112112
531,1.2249282904344014,2.23275630818345
532,0.8828224057362928,2.008589459139855
533,1.9272783282650825,0.8588791590107032
534,3.263153192117432,0.6035448962910039
535,1.8138375951745622,1.1932147498548957
536,4.098400755421359,2.4615293917527916
537,0.9485356201112739,1.070799252514246
538,2.0720905859575947,2.78516652332016
539,-0.791239868410889,0.6406693127293269
540,1.3747598760017652,1.4804579551734007
541,1.622464165993898,-0.5913702913876758
542,2.4590515944774065,0.8593519557373438
543,3.9185665414662862,1.1725634351237653
544,1.9119931230391218,1.5948912908731923
545,3.8033258134251056,2.9470130526818066
546,2.79172183892161,1.4022678409364144
547,3.0486683141005586,2.626008985264862
548,1.6243546770448871,2.0913303067985347
549,3.367862080530128,1.9784394223870163
550,0.976736383710461,1.2940453642246914
551,2.477652848704272,2.290481832755013
552,0.9331540257638467,0.6641378051380543
553,1.330154259204378,1.6344713609359989
554,0.45473532049585097,0.7154871037248605
555,1.4063766713912598,0.9054673523449488
556,2.3667101425842216,0.29879628076925535
557,1.9714955831106074,1.0316067624709915
558,0.45935812098693674,1.5985966561749219
559,3.685468298395285,1.4477013642122045
560,2.457727952639017,0.4083356051905683
561,3.0916717069911437,2.5626275394845033
562,2.873330310337406,1.729990265586561
563,1.2045595782525889,2.1000843168103245
564,-0.09315390229751815,2.0577289694119094
565,1.0875603835138385,0.9377188933455275
566,3.2750453686616194,-0.13783379714719687
567,0.8690754838350846,0.7892684333651181
568,2.8952657837358555,2.290149489042522
569,1.0821127604862624,0.3641132696125275
570,2.285259853874355,1.8795257331500719
571,-0.08923917796648934,0.6745515922616079
572,3.1066900151135988,1.422589230225687
573,1.9474001686817994,-0.07143168579521268
574,2.907023300476942,2.107297932193963
575,2.1885067929301676,1.3428390966860217
576,2.8312725110706514,1.9883186465756735
577,1.7360498246931124,1.3801298229341896
578,2.8265178962263295,1.9907164561105366
579,0.25988213745615807,1.1356469673877847
580,0.7822168346923096,1.9495611237407977
581,2.679933287792207,0.06382937908182855
582,1.8379885461872139,0.4286364123022769
583,1.7617332062446538,1.8893160960414326
584,1.8189211041285618,1.3030866105761052
585,2.4863076495684058,1.1676232736599812
586,1.2547172702726022,1.1806401728292562
587,2.735343724070821,1.9144207223489231
588,1.0455706342596578,0.9312437574260263
589,1.463895533479595,1.8266133876511317
590,3.307284333901058,0.9557369389916867
591,3.2720200545363474,1.1183692573415835
592,0.7364978441894667,2.2584666742011055
593,2.9262468136082673,2.294162629832495
594,0.8553378794493206,0.5139869246203407
595,2.8625439531377284,2.1045911677725293
596,-0.08959963986630756,0.597830140999441
597,0.8485655796514483,2.081168108530882
598,1.3695361431038378,-0.13331409919742992
599,1.7908816479121996,0.5680121040427687
600,3.5531844608993954,0.9458838887881961
601,2.901573480515698,1.1607915426503577
602,3.704217469305593,2.458431892505551
603,3.34828783038004,2.052120578901903
604,1.5825452159301536,2.4866473512423974
605,1.906514978235895,2.543276032252515
606,3.2328669864146145,1.1647798531443325
607,2.142140831223294,1.4322927418632974
608,1.7043161248617393,2.140016055094619
609,0.5900011856077407,1.5582227627807572
610,1.9153585817119994,1.2254860028263108
611,-1.0896816375585112,0.39341523973013864
612,1.5611505601545834,1.403630878016537
613,0.8497453570150665,-0.8351525124479106
614,2.588068789406004,0.919042399220921
615,1.6780469330009455,0.7994082749687197
616,1.590985179169641,1.7645900360290325
617,3.690393159231948,1.383210001195062
618,0.7815232161004004,1.049187361204627
619,2.4036241421812896,2.638574568971333
620,-0.13837529898176665,0.49348459451262655
621,2.2903137773837763,1.8741486477215625
622,2.465659931377847,-0.08249509784591846
623,3.029605980155933,1.686967555347973
624,1.0515650275453519,1.7660784921603552
625,2.438977945351775,2.208079495321875
626,2.3392256696548754,0.7253515692900634
627,2.138455356472143,1.866894715725786
628,2.2657960230929532,1.738236085250782
629,2.4959051176765517,1.4829361133022199
630,2.4045815449311854,1.5529702937262164
631,0.8121274517929885,1.6548730121638144
632,0.6020731853744344,1.6007279281831943
633,4.74124280784258,0.5531537102471316
634,4.108276541960634,0.4179562566518408
635,0.4274348994378158,3.2771681285870584
636,2.4097225253696664,2.79027658850048
637,2.584387813479522,0.19341145205757118
638,2.916129820348335,1.776464629430568
639,2.141569805818051,1.7962062951616313
640,0.9786637655186085,2.0395137728919295
641,1.8081542877134456,1.5079155987854886
642,1.6252741418860719,0.8505764293189976
643,2.305803866785923,1.4237014405416049
644,1.695782449211876,1.1286827830647608
645,1.9486109895828045,1.7075168852486708
646,3.2067628409761504,1.2734028331797933
647,3.2141577848655896,1.2245714576233555
648,0.8545982970498738,2.3985457757821846
649,1.4946659188696882,2.25049948315364
650,0.9078085180602766,0.37590727514787264
651,3.2179281084677385,0.9180998185203999
652,2.069619741413199,0.770390396858742
653,3.740198095814388,2.3988594271677455
654,1.5030232170211537,1.477095976132786
655,1.8711969409326947,2.460735614398542
656,0.4991817757756244,1.0348641191673986
657,3.562604808807842,1.4396535773259298
658,1.6619242665118676,0.41022480588978927
659,0.2528507478681652,2.380346210491654
660,1.3719563166626976,1.1870107168896011
661,-0.5653302566117323,0.14706399844313534
662,1.9383383744005172,0.9337066860330759
663,2.133300301975682,-0.3861673943081458
664,2.4705992065668574,1.510550084941554
665,3.5832980421923537,1.4286892516405936
666,1.655635695753234,1.7161289097009065
667,2.878981027135474,2.4990881479643243
668,2.302044370019631,1.1175267991325948
669,1.8254898449897459,2.053430368505982
670,-0.22159787068607134,1.6743154124435797
671,3.011810189939462,1.2474017973520402
672,1.4981686921859778,-0.10257847323772301
673,2.0440405594532804,2.1325562115949945
674,0.46022336672260905,0.9064483052768211
675,2.2439467661717507,1.3634800705969452
676,1.9787389529846442,0.18206141064689055
677,2.015754340042293,1.554157695494676
678,1.858575763809333,1.3919654731238797
679,3.0688765531183866,1.3257644713201666
680,3.1083898719485226,1.34654995777888
681,2.7616460474294384,2.1113510968394054
682,5.748165011765501,2.2708512903420655
683,1.3679911647502385,1.9613912613658917
684,1.7330351762396465,4.174219951562764
685,0.7404016531485195,0.8142795284182246
686,2.484553056748137,1.2180928641898385
687,1.241732944515953,0.5162502340861086
688,-0.9308452795593865,1.7765397759969612
689,0.5597563631544076,0.7636413627271498
690,2.1212767451304604,-0.6097920396325833
691,3.0821143236330113,0.3631777093987816
692,0.19706424203851647,1.3945936772813734
693,1.4203965809378205,2.251562948593707
694,1.953485842778857,0.24471779820183182
695,1.2247111628154088,1.0203800078390548
696,2.442691953994433,1.2258518711377853
697,2.132923180778215,0.9858200685760882
698,2.3535249267278164,1.7100167885917046
699,1.3046960171065536,1.5954786619712067
700,3.6526685410216935,1.6099460289079561
701,1.9748653322984921,0.8885650539072715
702,3.4931604500107873,2.627123845996333
703,1.566966611563614,1.432269774205464
704,2.6937795889762275,2.489948493406865
705,1.4031585024068631,1.2473572917983506
706,0.9017006871143937,1.8333465755535994
707,1.2900548633521551,1.047051179712764
708,1.9926209225421774,0.6742647581989972
709,1.8316257377675826,0.9752709469785712
710,3.6400980798893197,1.3418050150482748
711,0.5987247396815748,1.1444374087195233
712,0.8076269019121735,2.5550677235349935
713,3.9327289460837194,0.4816293025507429
714,2.577919961551348,0.4735967680909492
715,-0.154310265966921,2.668151950174348
716,2.5477621007108797,1.8053100652862482
717,2.2079500218204062,-0.16113313362999493
718,-0.4428189054290756,1.6995030164698357
719,1.5276614082809161,1.4797450914263772
720,2.0368689825317943,-0.2539038042487627
721,2.9329035641967103,1.1977237811557788
722,3.0758974524532485,1.451760507023048
723,2.0335395569045605,1.9812506036211093
724,3.2709164226885554,2.2872487558151677
725,1.7395056781966634,1.3238839701023448
726,1.0878311534873812,2.3207191565831193
727,1.086451374653326,1.3317053768537344
728,2.757181405715065,0.9217533891332844
729,-0.14692137466590743,0.7675805817503327
730,2.700534469824469,1.8849731255932218
731,0.6511741142752303,-0.2344404738598309
732,1.7000464874591392,1.9855671216180801
733,2.452332802073518,0.35223458903796956
734,3.4048276402972437,1.255125190637159
735,-0.1697931002545488,1.6815889219982967
736,0.9779000846286268,2.2480754659855
737,2.018287444209697,-0.15453558757890007
738,1.1595257239886132,0.49975075127508034
739,3.0080595357520963,1.4730753352235595
740,-0.22197894984251,0.8847186789516983
741,2.4306957289570548,2.13835559935537
742,2.4620729257314595,-0.16182453331139504
743,2.199631093345234,1.8471296667593786
744,3.1932156319038274,1.7042062740719726
745,0.7874880371178892,1.6797614813606248
746,3.1501568307827124,2.1659293393267487
747,1.1854409662873322,0.5098950354710401
748,2.7218680208644286,2.1288722325257208
749,1.5822248525789777,0.7686581704138423
750,3.076037658186908,2.0855678307281904
751,2.7372574394143623,0.9862979134854348
752,0.21905562139636084,1.9827409130658473
753,1.912998415132377,1.9990189359140118
754,1.9174992277898386,0.172513713163036
755,1.7090184063823253,1.3097800889775049
756,1.1328608027178162,1.3063393037828648
757,3.8809449042718605,1.0406761047086275
758,2.204435840438008,0.7674320581074063
759,3.6304300232551,2.636573862479004
760,1.3221216804029607,1.4912902875727339
761,0.8895123852625333,2.598789838983036
762,2.093872108781189,0.8738847282514984
763,1.3480514584097296,0.5902703926227053
764,4.558314024743854,1.3948639423238236
765,2.311393967827288,0.9850648546060669
766,3.2905938323574935,3.2135546011665266
767,1.8062737104636184,1.6709088372785683
768,1.726484124668131,2.3885672436545264
769,2.051933727078482,1.3503278837675643
770,2.5738455023872637,1.3910954019213368
771,3.0681394429806144,1.5699475223312471
772,1.7688706318155347,1.704931900109471
773,1.2604913671270501,2.1571257086325293
774,0.9015438273196582,1.3144175037257435
775,1.9777682566263113,0.9444595125915513
776,2.6000664722808815,0.6008881528522102
777,2.559226817753508,1.4399228134512094
778,1.7948934575706534,1.6345392921266033
779,1.3082824890091438,1.7598939405957734
780,2.2010967870419886,1.2960804176158676
781,2.69445369278791,0.9812660683428216
782,1.9108485792253977,1.49211575232352
783,2.084462876407019,1.8469751236871148
784,1.7907775288674985,1.2939262925407737
785,2.8644210358425624,1.316495854458646
786,1.5153957396325308,1.2509603039123152
787,2.2588063902709865,2.059811932297569
788,2.3370516790808042,0.963957863810252
789,2.7917500258774206,1.5748396849881967
790,3.7030563680755155,1.693519300959155
791,2.733107074600844,1.9443329025904053
792,2.584747912173214,2.5177528108208906
793,0.47117218998847504,2.0016079401325104
794,2.7173239728064087,1.8596031725934377
795,4.608933434761692,0.4156645941607283
796,1.1915894584134192,2.006728323502346
797,0.8670996707267424,3.2148249094062145
798,1.7529533050286898,0.8231851523667083
799,3.0413623985773905,0.5249592293773186
800,2.5993772593163444,1.249219031309921
801,1.5187641845114304,2.1725544906318692
802,1.8496126216098976,1.708765903031249
803,3.2822299799239234,1.2046220291306258
804,2.664305177438909,1.2191522896322105
805,4.626029557707228,2.2518258771786965
806,3.0936508545735015,1.8524091304383998
807,2.383243150532817,3.2325399033249846
808,2.620514706423225,2.1098714012144826
809,1.6361894110522406,1.68834222643232
810,0.8339358503357254,1.7438464465182462
811,2.3035116158604763,1.2596913582126943
812,2.5174809462045418,0.5616188932489468
813,0.4221127824401907,1.5693822411143838
814,1.2948768464760967,1.6317056204685407
815,1.672717185997392,0.3743776257173905
816,2.2476118898062207,0.8618190395737745
817,1.7438075128691135,1.2012222078192056
818,2.37380526538146,1.4575272068667853
819,1.984603302817643,1.097345090981832
820,3.1152807592286806,1.6105841849232143
821,0.16150704190769546,1.4330137794669877
822,3.9566437666128706,2.3145031962257283
823,3.3576205195356876,-0.0887659654282222
824,1.9926417043327778,2.7069435461999385
825,2.701058111054118,2.3360369390515188
826,2.4874519739861007,1.2150979265644206
827,1.187614212577376,1.889373480851184
828,2.068539473095364,1.628624282451507
829,2.76731930012684,0.7426576519214801
830,2.28674852915217,1.3939277258506875
831,3.284233183519544,2.0649038489747054
832,2.0464069278118258,1.542635177142267
833,2.087013830797759,2.297150971776117
834,1.246630689218274,1.523699659313568
835,1.5386753885529476,1.40057692478868
836,1.4572029516977276,0.8355338832923942
837,3.726087365675969,0.9271282681320453
838,2.1524646740851914,0.9079506329115022
839,1.0477265703510046,2.7553568778181803
840,2.4434082743126853,1.511675319194738
841,1.7597357368102713,0.7043484023501232
842,-1.4354953908866832,1.6340312196011322
843,2.747688650759449,1.4516660582574397
844,0.5266231455065304,-0.7702549666196283
845,2.541950733119118,1.8290219263688658
846,0.9914393572142819,0.41746551800241427
847,0.2546957404728587,1.6382181600887105
848,2.5297028629697653,0.6799345969391463
849,0.4021846451248024,0.22408480525795635
850,1.5701389154031675,1.8323000433068353
851,2.1822480789447423,0.23896219611882483
852,2.6922976013680073,1.117939066709366
853,2.710484075970084,1.4186847411466867
854,2.0722304024490588,1.9967481408157364
855,0.9178754294506113,1.7308491650872282
856,3.922060817573498,1.2564251307198213
857,1.4831609315180418,0.7922531847259272
858,4.001503172777694,2.762997865443994
859,1.6030021793908924,1.1389923020659498
860,3.279143772928193,2.8027817311965904
861,3.2769096406119584,1.2220490733404366
862,0.7536179035464966,2.1991062167108155
863,2.173312882421512,2.0763366731430306
864,2.7795123512741613,0.4761136516467684
865,2.780045628936548,1.5302843129560377
866,1.7420809427159096,1.906570783920108
867,2.3236051561505624,1.9374810464593866
868,1.6694382374679622,1.3230535464642124
869,0.6421867500390552,1.5577050764876834
870,2.875556876464663,0.9617501820579716
871,1.3303321767593541,0.39551246589710537
872,3.6709289706538772,2.1660847734123023
873,2.3901696029787107,0.6587061353466876
874,1.0933102825221077,2.6448719028439944
875,1.75958813565219,1.6100250092326487
876,1.686079181248802,0.7664197859489685
877,0.8945993637382756,1.0842874733119658
878,2.7539493001498965,1.3826321781413946
879,1.4846329195611487,0.6373279554252446
880,3.847379065688881,1.9802829107999311
881,3.109045276109546,1.2013079546820775
882,0.9380676824895899,2.5994409994675447
883,2.1125880028639172,2.3098202698426475
884,1.686298825432825,0.5923824145620805
885,0.1908354326169478,1.3906056738140062
886,2.973296575666521,1.1293245068245672
887,2.908638532008693,-0.002566361891906205
888,2.9138106874203893,1.9770669542143295
889,1.4382384243662791,1.976972040125255
890,3.205649755908039,2.0694326683215016
891,1.812638272440661,1.050133398461866
892,3.0223486902293955,2.23764096181484
893,3.9594019514596783,1.2344681455388462
894,2.1105844899330717,2.0721077036584203
895,0.44185169386516754,2.7744967147458777
896,1.6619865327115073,1.4879869918458384
897,2.6486681479917835,0.2528798806755439
898,3.436002151512867,1.2575309074772383
899,0.7338223579918622,1.8350613005190464
900,1.8440727458086117,2.4588773792952154
901,2.3127855829901107,0.5697881946982803
902,2.3156906714582477,1.1280434368351506
903,2.8343288858703066,1.4518128306599916
904,1.241161385103813,1.9054284772237629
905,1.411906509479681,1.8617628565369853
906,3.1248039419304168,0.8848537861424496
907,2.514907765799948,1.0716739201989858
908,2.516159362720333,2.210303406211768
909,3.341226292237888,1.8638058797671724
910,2.1168110463768355,1.76366387160107
911,2.667003910931522,2.4250585512190233
912,1.6286858584927018,1.4564738390655025
913,0.5407870834325101,1.8872008433797882
914,0.6084582026928871,1.1733219774469743
915,2.0412116619723273,0.3380100113241893
916,1.6772392622053274,0.32267679388618636
917,1.2590088794749867,1.4079205282330916
918,2.3442184094755674,1.1684701669582107
919,1.0503988934376727,0.9110038163892373
920,2.0418452561471696,1.5603271497587996
921,1.8851839811897355,0.6419380207484069
922,1.1105653369979656,1.463844822374456
923,-0.593839663466563,1.2538155919578888
924,3.7348796237315107,0.9100952345100317
925,2.3460840506931575,-0.4179046730077898
926,-0.902614468947698,2.642339800852713
927,1.6470468330893646,1.7583771479714494
928,2.3851703691290616,-0.679826263508578
929,1.672935397573584,1.0768229405066407
930,2.605413346429889,1.63666948095668
931,1.0483276674869073,1.28997678956258
932,2.31579368747947,1.9468985278405164
933,1.9004022752909564,0.6930637045404634
934,1.8452014748964192,1.6676252417902189
935,1.658492266787152,1.2319056514579905
936,2.39717322900676,1.4690787507223637
937,2.898836771882385,1.03378780357649
938,1.541646254127187,1.8027992946519757
939,1.303923559840602,1.7810733265713954
940,2.1568029959047164,1.0593338828769843
941,1.8563255929944156,0.901237058074461
942,2.456360560540216,1.5419601360947597
943,2.7881157366148805,1.2974238423811941
944,3.3910435892569017,1.6901881884990895
945,1.798992294729883,1.8787618734591298
946,-0.5823676103928113,2.2963906984134224
947,1.903527990835003,1.239409590546563
948,2.286748824099568,-0.5101659727465245
949,1.83318697020528,1.3713070819758066
950,1.7350450219677893,1.5043289767812875
951,-0.7557290006876201,1.2032612423679003
952,2.4937589178764017,1.149507662976937
953,1.7175141178477724,-0.45506062071155423
954,0.2331194500699388,1.640934961284643
955,0.8582234358653942,1.019047590513288
956,1.1039829584196728,0.218479509080776
957,2.7974010869637906,0.728533501493694
958,2.5682402059110263,0.7232263706290513
959,3.728894350690474,2.020849690834651
960,2.675151993027308,1.7602028436208161
961,0.5160697307393521,2.6131101000721255
962,0.556542940300276,1.9792795395388019
963,3.3252034776166854,0.4426543991521874
964,3.7012899567633246,0.36751519376775893
965,1.7914140683714763,2.380579410663056
966,2.8360289449453564,2.8122486276760608
967,0.21815260196340186,1.127522861980899
968,-0.2613858965354781,1.8621482990912377
969,0.8784177598902024,0.3225506254617121
970,1.6564036322173084,-0.13366021719420834
971,1.4173425450783708,0.6057490009503543
972,1.6154999716722216,1.0281079840207314
973,1.607669168617772,1.139924826141653
974,2.7067654188460115,1.0903841395719374
975,3.6437467599097837,1.1988135314821449
976,2.0687699965474367,1.9236885807031658
977,4.2580780388956025,2.5757035346479435
978,1.362740412434266,1.5087245913484022
979,1.4871485735842311,3.0454169341439856
980,2.436344012361697,0.9637541720484382
981,1.62100136529904,1.0522840050197433
982,3.2002209244659494,1.6109042517648315
983,1.4288819814740594,1.2688015339010656
984,3.6397556814456045,2.424946944952265
985,2.3110553992098377,1.0976802683185247
986,4.754479252124608,2.480310170348073
987,1.4728298278889536,1.6010950035488662
988,1.805412909150888,3.356511684116322
989,2.157025775345097,1.0277896558522281
990,-0.4999673771009189,1.1629524230948471
991,2.519198598929626,1.3666250013788024
992,2.585799051440666,-0.2931088371216627
993,2.005986865343742,1.6491756842985015
994,0.2840994776285261,1.7929941731623606
995,0.2120694144118021,1.3174773641179445
996,2.5985011932834507,0.15209045716249003
997,3.4601034548210503,0.3158554885962209
998,3.841740038769413,1.906779779063385
999,1.0830547533853538,2.4901128481050003
1000,0.8674208373058397,2.690516694979091
1001,1.6926214239144866,0.7498924309372397
1002,-0.29383395847534516,0.48666378369996327
1003,1.276146215450265,1.1088055058385242
1004,2.86419876649489,-0.2784536057046994
1005,3.7627230626535924,0.8579626619624213
1006,2.381166508440317,2.0790346459886093
1007,3.7769398958513567,2.606237026298075
1008,2.2562313139174193,1.4710876380266629
1009,2.258541042484687,2.6918986629278243
1010,1.7481910302903696,1.5161382562578496
1011,2.196894899493478,1.5722428788835636
1012,1.7819929617029246,1.2860649248744613
1013,1.6141971960034591,1.3070254532780676
1014,1.252893524071295,1.228369615696982
1015,2.2718738114967527,1.1168767567279703
1016,2.005213490304712,0.8663457006350531
1017,0.28284385824278924,1.5006935643682393
1018,1.6562145733014053,1.3246345684418885
1019,1.0158251239073235,0.15505435631122444
1020,-0.23082708351206677,1.1815436224137696
1021,2.6226487369623213,0.8014543094219919
1022,3.71349502602761,-0.16264101240545634
1023,4.611671917921852,1.8408228258240822
1024,3.8412321165781402,2.7220171523552077
1025,1.026091248514279,3.212143298928442
1026,3.3100948738845317,2.7061878635103707
1027,3.16156002866815,0.6479349987163923
1028,-0.11526283923587828,2.3884160570173782
1029,3.0649705927696655,2.330645245906775
1030,2.6822856874978176,-0.08829303889797535
1031,2.204802926445984,2.1711932660472786
1032,2.2564940868136794,1.8166156808176657
1033,1.933213320695519,1.4124372481892153
1034,3.8392138157508344,1.6236302429998786
1035,1.6182471474632194,1.4134641891651585
1036,1.769034832880234,2.6764178364492253
1037,2.161741353638858,1.286386474786309
1038,2.3742368692944233,1.309330769645508
1039,0.10636823827918834,1.5591619669167436
1040,3.4830790029760688,1.6182736209783033
1041,2.24015042145405,0.06578845572200955
1042,2.7929622632064115,2.6050805098824026
1043,2.086759875549459,1.4378175796447248
1044,2.0134993994460557,2.173658382102816
1045,1.5142932730284302,1.3657908507597092
1046,2.188942184150137,1.4926662071889027
1047,2.2430393648441256,1.1357870809372543
1048,3.112134825361676,1.3736064233068064
1049,2.264139623706561,1.453603658184308
1050,1.9414545300058934,2.2667864440617334
1051,4.111982944510572,1.511659059068525
1052,0.6867986974287694,1.4531856403777692
1053,0.5180696217034977,2.8706877763547487
1054,2.40504122703739,0.49573805791341796
1055,1.7181026971664144,0.31436204639854515
1056,0.1488401272099346,1.784424573183425
1057,1.5863906770846101,1.1325151926166934
1058,0.911441157810722,-0.20264940539346243
1059,3.2944838979389446,1.1607159114307133
1060,1.1794077102792258,0.5007934682200005
1061,3.3451761236022532,2.4956387384055145
1062,2.553738209124901,0.873563736089157
1063,1.8901845901743546,2.4587718799452993
1064,2.0524346612768656,1.8167623962173323
1065,2.5697288435257546,1.421333443050528
1066,-0.5817409703873674,1.393805657497568
1067,2.3405350718785902,1.7795700140203143
1068,1.5145292291864871,-0.4756578782037475
1069,3.9464860009579636,1.6071492482460537
1070,1.3238757501307703,1.1444420629996896
1071,3.392752767891219,2.8984726565560495
1072,-0.8432219654718303,0.8499081464660649
1073,2.8883188688400496,2.3671582898811856
1074,2.3533687710713527,-0.5405996340745312
1075,1.8010364886185743,2.094577836780918
1076,1.980641888908875,1.760978270193792
1077,1.9154894999712855,1.4628316916888737
1078,2.4196155026638846,1.3407612943584932
1079,1.6376568307103676,1.126172901783618
1080,0.0663483906740065,1.7265907217983523
1081,1.9746994403241749,1.3254511642797937
1082,4.307830826405651,-0.10391921151101943
1083,2.0713951696288406,1.4021539525116313
1084,2.299155322530519,2.994770159898898
1085,1.5581272522135137,1.4899638291900879
1086,2.2859305904927654,1.7038794034862272
1087,2.2266768415271354,1.1216258043188228
1088,1.8079996479690759,1.6954731727161745
1089,2.919440195271669,1.5285242455095076
1090,0.6804558387349058,0.9614413451060211
1091,1.8188516415803497,2.005674507292361
1092,2.561599977678251,0.4823599372713773
1093,1.6583724578942651,1.225273204276616
1094,0.784157135750285,1.92354473575783
1095,2.579736506470429,1.1265065865720136
1096,0.9909744336332821,0.6202614824900176
1097,1.5034846121198895,1.801339144577905
1098,1.0542494762687777,0.6588939279191767
1099,1.7516120863472904,0.9258525702764213
1100,1.529297061624173,0.7395962655466318
1101,1.5587764793230336,1.3069537935534856
1102,2.6603638456154024,0.981794968706867
1103,3.9714463281376218,1.1237200721054323
1104,1.5575510443444252,1.813071371696121
1105,2.3806200115862004,2.5857117497746014
1106,1.7420149903280073,1.2232555609104607
1107,2.181010610858987,1.7386081483335811
1108,3.2450622443088104,1.2239462580931628
1109,1.996103077914443,1.4674879425859806
1110,1.1145199125267666,2.2831655698681548
1111,1.2432794954101896,1.4434709234667031
1112,1.4644203414186012,0.9230053477546212
1113,2.0604426733901278,0.9453729636155074
1114,2.8848228049757996,0.9661044466686315
1115,0.5905530628303874,1.5275394594155993
1116,0.9569283986689903,2.117322448442533
1117,0.9420763924419565,0.3724588691568802
1118,0.09440259214116001,0.6885984351115977
1119,3.445810957854968,0.6467494807270074
1120,1.9719284700609363,0.07802679270025228
1121,4.225430056447248,2.546640475249517
1122,0.4084454824669128,1.35556245420867
1123,3.4002378464171565,2.934438341345138
1124,1.3634418917950741,0.4211671149022731
1125,1.5212273405585448,2.349500486742377
1126,0.9107168965347601,0.9529871235920032
1127,0.8957844095254435,1.0054937933528498
1128,0.5321197256772245,0.6257415056029663
1129,2.2773049889641537,0.6663878222494428
1130,0.6770559147868165,0.495160858540378
1131,1.7211549512553659,1.5812504953854334
1132,2.085518594490965,0.5695794335094763
1133,2.748777525795142,1.2203142377271765
1134,2.204357507488902,1.553789628993075
1135,2.483569466232888,2.054255317480641
1136,2.371610676888521,1.3488082155077978
1137,2.0998006647281153,1.857275242876826
1138,2.5131578111711743,1.7736025745614472
1139,0.9521959801810693,1.4997486560802276
1140,1.2117403962564635,1.8239683422506
1141,4.159081371864562,0.7383566701380242
1142,2.0208519106193146,0.8819778238130527
1143,1.1910549593489945,2.883962661787838
1144,3.5855960073020094,1.482324453557488
1145,1.844160887873186,0.8504262309837277
1146,1.2227002460891514,2.4437575806629512
1147,0.4579669484159242,1.3427702733014042
1148,2.770381120790653,0.768830240395626
1149,0.9496663585758591,0.46517422039898715
1150,1.4361784238295883,1.968381046405086
1151,2.7444030943132955,0.7006595585791678
1152,2.2479613240149163,1.0512892890116954
1153,2.07256205717233,2.0887137844176253
1154,1.8035247050103023,1.6124841915384247
1155,3.2000506715387793,1.3903240220116562
1156,4.492778726947436,1.3019444578727994
1157,1.3501570253295785,2.193829407474348
1158,2.6821783284952834,3.201328937805501
1159,4.112695104388937,0.9361246862301125
1160,3.3255145888315925,2.016076658332488
1161,1.1742877704739094,2.808689131902393
1162,1.513149721263906,2.3147586232273643
1163,1.2845789388877384,0.7643457749697373
1164,0.9491059558754128,1.0130985113803976
1165,1.3626409421603674,0.9481418673173129
1166,2.349299352484892,0.7256104947633065
1167,1.2099272932003946,0.8095078583829359
1168,3.1611053081188487,1.8417950059428791
1169,2.2491777042647967,0.960545799575001
1170,1.7114275975858735,2.3610395644108237
1171,2.745849506381451,1.345574987139118
1172,2.2986335409762746,1.1457638509938795
1173,2.170322872643907,1.8010631387465748
1174,3.317946714912981,1.7829478936084442
1175,2.5532092725435582,1.4418432900167495
1176,1.9406037756733696,2.382954789634303
1177,2.949245635642805,1.7051817992687748
1178,2.5805167947600887,1.5986898553063198
1179,5.239959841402807,2.0953921471923507
1180,3.2391659897985834,1.8369703949788134
1181,3.3994643745033235,3.7989023799730934
1182,3.3753062699094727,2.222629753977143
1183,2.012988235775425,2.3047897255458363
1184,3.643976122190841,2.5625055584447707
1185,2.045129968832475,1.4285290035486489
1186,0.920176991031127,2.3852510200686585
1187,1.3464073675589172,1.3983834499928218
1188,2.707574814705053,0.7709530986610486
1189,0.3809709889827967,1.0406880259985944
1190,2.350272226628207,2.016386383322067
1191,1.1573688666958706,0.22523365297593806
1192,2.829397611107527,1.6845501489292325
1193,1.146997595523564,0.7779468839337552
1194,4.155403537762083,2.0764482770344923
1195,2.7957124135161977,0.7540107884927433
1196,0.5553278084462522,2.8598551399708896
1197,4.097188704265273,2.119552108634394
1198,1.6656353175115866,0.3043425437203422
1199,1.0988823755090398,2.767138189186512
1200,0.814370960689135,1.106494930906064
1201,2.5558212182048097,0.700497667439919
1202,3.6534378610000244,0.5685234801512801
1203,1.2702883098570716,1.6956328323852483
1204,0.9065565177005522,2.5613459464224273
1205,0.7294186546358619,0.872290568371874
1206,3.624156138789373,0.6126998586835243
1207,3.857168687178686,0.5299596015417725
1208,1.6061859117865043,2.526413463070293
1209,2.4691002746430204,2.5776427594831244
1210,2.012097225618678,1.1396233591723264
1211,1.8489046566039522,1.643968181361233
1212,3.004019322784703,1.3520624852786174
1213,2.498922453006862,1.3081041118811407
1214,2.3438448646503494,2.0842194271620165
1215,1.5257082408651033,1.5967907868658058
1216,2.8883520068929642,1.631883016466243
1217,1.5943265421474369,0.9725288034050658
1218,2.108587263233059,2.075518931183492
1219,2.1660960747872076,1.040699411137433
1220,0.815602678365273,1.6128849834072092
1221,1.60392463107222,1.449196346860524
1222,1.6618036587401572,0.576588848627427
1223,2.1831597119545227,1.1945835585569253
1224,0.8773789918316712,1.2636414528028548
1225,0.6672158582802874,1.5006345276879627
1226,3.542751365513282,0.3711083461730566
1227,3.1476653899661287,0.34262852372931835
1228,2.8329583578916226,2.334941021378607
1229,4.042510755781683,2.2385758635089865
1230,2.574060979203752,2.0955770684233723
1231,1.7429788123241647,2.67292294979124
1232,2.7040323643823534,1.9754817265481739
1233,0.04715779636582913,1.3344586555879299
1234,0.689241886217923,1.7899560012487048
1235,2.827760784732284,0.026270472864771098
1236,2.025093302063797,0.4716855909439992
1237,0.6171347665752638,2.001967284477221
1238,2.6081823623379012,1.3013571150667838
1239,3.0766947076095463,0.40989723031962233
1240,2.9061482310197286,1.9972083671554903
1241,2.086451967782921,2.2734647204922966
1242,0.9924863940034288,1.9464445837748616
1243,2.1585809765890422,1.5007429220517203
1244,2.4574438201078035,0.682567534201951
1245,1.7547995974417003,1.6602539584858649
1246,2.6023819282515253,1.6592531011876186
1247,2.2897984688253428,1.1722830599068148
1248,2.2775125895456445,1.7327539338030635
1249,-0.10273719303335016,1.7359155028481363
1250,3.1080897409475217,1.5131462613062712
1251,3.9860916484585744,0.01734472138815367
1252,1.6132497300954383,2.231626935785281
1253,0.4268564823021834,2.841709515527214
1254,2.7155776293540037,1.142030189059021
1255,1.3892246772714967,0.20024992056024155
1256,0.9363037008877606,1.900921649544594
1257,3.309903636954464,0.9428730295816233
1258,0.38189687726780464,0.5590267556240175
1259,2.749327192119524,2.2770882537468857
1260,0.6221245301773921,0.2619598772612578
1261,3.5299986359163635,1.8460328893470084
1262,2.6967115600799936,0.5639910185575595
1263,1.7956633883337683,2.549796929632736
1264,2.0193918653920506,1.7427830035216698
1265,2.5365629078017733,1.153231153403734
1266,2.9925201212579084,1.4932106118581214
1267,2.793301315197279,1.6583247795370655
1268,2.4959019960082682,1.9892627883807354
1269,1.526658581120305,2.0070893302143276
1270,2.7546908347331827,1.7713347296588597
1271,0.45214054955729505,0.9632583765519513
1272,2.983000135563114,1.806781304814702
1273,2.8657027761457625,0.22189473978878438
1274,3.5420287957863112,2.096639743930018
1275,1.337250706215633,1.9909002174030392
1276,2.0932399205314023,2.367827209265256
1277,3.0152673458351074,1.0072282392156213
1278,2.2829719923013707,1.3985962696608707
1279,1.5055377332605344,2.085558887787408
1280,2.3896746112343648,1.6496908320935597
1281,2.078967867072737,1.0580090422198574
1282,3.005826067952007,1.583323960264507
1283,1.1542763766103359,1.3008626915915216
1284,2.4839946324569295,2.2146362938974478
1285,2.5161014864928886,1.0018707118714958
1286,2.7117493061732945,1.617484612166376
1287,2.0850152176278924,1.9264677279059776
1288,1.9984688052411883,1.7566472204331967
1289,1.9807044424699083,1.5182597372003772
1290,2.0774558257940487,1.4389115406536435
1291,1.7963072417310417,1.1736052724267463
1292,1.7702408839295765,1.5838789685053434
1293,5.081109027840315,1.2284943235864274
1294,1.0891980299014086,1.2566692853836954
1295,0.6221881233483999,3.4697153398019234
1296,0.9200112321003142,0.5576391270993375
1297,1.308112795767657,0.5247022860038946
1298,2.0249017086355527,0.6563293428348148
1299,3.524000394507512,0.8656532739179712
1300,3.822898596705377,1.3831076314557575
1301,2.339233161659012,2.5449766374547576
1302,-0.8197942041281249,2.6042687992512676
1303,2.508365040501482,1.7230329652806655
1304,0.47946020734661743,-0.6526757133551365
1305,1.5037352553515684,1.8103625164088641
1306,0.8606641578468035,0.46098136994469197
1307,2.5029629032081884,1.087392744382145
1308,1.266861582849009,0.5585946823985287
1309,2.573023458205809,1.4757658452667717
1310,2.5881709844392167,0.9499414564024502
1311,1.7182133074373438,1.78340625160948
1312,2.0560496716380996,1.7791529530832544
1313,2.8492124288367466,1.0428000010004226
1314,1.5430795148445384,1.3916593924549427
1315,3.070330294886707,2.057598221029872
1316,2.111545517303778,1.2129487850512928
1317,2.3491457267056566,2.2020397350410037
1318,2.8631811860741765,1.4620980899377494
1319,3.2762626721727073,1.455978904929846
1320,2.7875661222564254,2.218899533742836
1321,1.7914987560438531,2.0206735542054517
1322,2.914773314177049,2.0733150715181607
1323,0.33655548642835226,1.2905970168208223
1324,3.7537602504593344,1.991243806913912
1325,0.4095365009701678,0.10316573373449908
1326,2.952452759157819,2.586004557939601
1327,1.581434140109237,0.4886900143882756
1328,2.5976972168486387,2.106437405265802
1329,1.906216253572939,1.141444318111825
1330,2.2226542230429454,1.7070935398613376
1331,1.01685710198547,1.2320742230099708
1332,-0.3926089005024446,1.5399398603572518
1333,2.6311419992091247,0.8956207563155619
1334,1.2497837476704343,-0.3644877101945669
1335,1.516299091539377,2.0715978353474993
1336,1.107483471283561,0.7801875451131193
1337,4.098762117253874,0.9773191075578044
1338,1.4106675594854268,0.8263176713228854
1339,2.305218606863484,2.814857811910235
1340,0.7438068602121696,1.007761665108349
1341,3.659605589017327,1.5978522285009826
1342,1.3856551462201994,0.5182147138466119
1343,-0.9037944772235733,2.5186354251129597
1344,4.878008576264743,0.8648223173342111
1345,0.7503342668921559,-0.6743583713514048
1346,3.490769842340235,3.465550278015904
1347,2.8414931393706047,0.5603473095984226
1348,2.865621868992607,2.5917631592342403
1349,1.7273020910964698,1.9709806020638052
1350,2.148033224132534,1.9458499054197507
1351,3.3670281756417726,1.2298100296007142
1352,1.6180278827446906,1.4526749274568038
1353,2.195690655754181,2.276169783408516
1354,2.994452382749844,1.105952664253553
1355,1.9745199843289785,1.419775722397405
1356,1.4966901829908186,2.060288365524013
1357,3.660794459076504,1.446111648957061
1358,2.4306519925385786,1.1024776618719763
1359,1.7782109322554756,2.47845698465476
1360,1.3331680491116917,1.88810875025775
1361,0.9251754545333714,1.2760800512637755
1362,3.033845875897824,0.9839009943568627
1363,3.116844249524514,0.7202721728411542
1364,-0.6239227438279864,1.8875515342852676
1365,1.3279915244269074,2.1868233024623978
1366,2.9378982338834247,-0.560224637352754
1367,4.5346366880377085,0.7974934739455763
1368,4.192165310433824,1.8833048858000372
1369,2.982197800513403,3.1203906893734605
1370,3.5487833994367066,2.9726334161016603
1371,1.2948997200613503,1.9625995830844334
1372,3.0340297653810615,2.6661901691048784
1373,0.7044271974042243,0.9717381724716863
1374,1.3694764823521979,2.1113612990146855
1375,2.326471127223282,0.46650197381059694
1376,4.629773186216904,1.2036759468082712
1377,2.794241759500688,1.6000118862853698
1378,2.2899924895848893,3.2296239202034966
1379,1.871519326046144,2.014580476651059
1380,0.30817671292713655,1.3658587241130336
1381,2.6796636391734623,1.3265778648896847
1382,1.5437772091789446,0.14350397446949514
1383,2.2009382529150527,1.813753624142987
1384,1.0720168549428126,1.1309249067400406
1385,2.1362073925537453,1.543483720520346
1386,0.32865017602391927,0.7697937281174062
1387,2.5835294392374344,1.5245777729163832
1388,3.681915906454522,0.46027252650214756
1389,2.9801118632168224,1.7832365743159988
1390,4.3485736216920525,2.6007086211788293
1391,2.4067901117103925,2.135859548440187
1392,2.512437488415501,3.000539237936128
1393,2.653220060320201,1.7716218168760474
1394,1.1733091109360814,1.8997181346003795
1395,4.43470849893728,1.923405724972173
1396,3.0474949074428044,0.7813753922486023
1397,1.7373626709395273,3.108767683817225
1398,0.9655237612152087,2.0918851131793317
1399,2.5687294828726395,1.1452231409647067
1400,2.8173743307289913,0.5499386546302033
1401,2.3253330244173678,1.9717703077274054
1402,2.1552729359085863,1.9227529985941914
1403,1.894939908697692,1.7296015425639126
1404,1.9435958231777433,1.4553090136145241
1405,3.354517483709554,1.2123199593074436
1406,3.6019550029419034,1.4217924047811645
1407,0.07469160537680508,2.073048415817764
1408,2.0879903915854356,2.4565921316549795
1409,0.5908691421539762,-0.032335249445587216
1410,0.42289593930333597,1.3537542102816098
1411,2.54766452396059,0.31672485829691654
1412,1.020213037426652,0.24196646671312516
1413,-1.5957157442356171,1.6563426177469498
1414,2.7617427719423295,0.7662239796995494
1415,3.5567357653668084,-0.9706212686963759
1416,4.354887743034184,2.0454528298573984
1417,1.5971239045461518,2.522761561329825
1418,3.7341719968234424,3.1926035781331845
1419,-0.7730935842187564,1.2280059483523482
1420,0.9839182483589366,2.745578213729401
1421,2.599688530291553,-0.5123432872107568
1422,2.5605535767745278,0.7306086557297701
1423,3.4628389467123712,1.8301612139114563
1424,3.062367574415375,1.8023966395622755
1425,1.8254451511817371,2.3391594354972667
1426,3.7053855938035913,2.166870246152776
1427,2.706793452729276,1.2294741544116816
1428,3.809831056646049,2.5148033659466074
1429,1.2422666584927207,2.021726767398749
1430,2.51161161882899,2.848214314529017
1431,1.5179394225037426,0.8600813247390048
1432,2.903344442431449,1.7749679375392926
1433,1.5842069435699573,0.888271923126159
1434,1.6415385640833353,1.9509170907604414
1435,0.48753855709295335,1.0556220301463901
1436,2.389143029604302,1.1991954772425975
1437,3.462902113837563,0.5771407922983415
1438,2.994042713894912,1.5574276626166343
1439,-1.4358732805754975,2.305793382841025
1440,0.1610193959132671,2.038459558842427
1441,4.268295430647895,-0.9424704438562038
1442,1.718055728839958,0.037158290001593666
1443,1.7419073852056481,2.893549538718098
1444,3.2633183764765645,1.1840884014114068
1445,2.0923554663385606,1.0953808115189192
1446,1.398614299446817,2.3787863196089383
1447,1.6061422762139568,1.3016227460305596
1448,4.316937410023974,1.2090906635122773
1449,0.5594152422152269,1.2032451039990537
1450,3.3380056933176596,2.928514558832364
1451,1.7405962547857998,0.4758182510470388
1452,1.843031776718611,2.4779873486732606
1453,3.937196662690886,1.1064096422901268
1454,1.1888265734023482,1.1861097715169713
1455,2.873670904500215,2.7111443664865718
1456,1.6685164942209645,0.9000538914767693
1457,0.33706190817401294,1.9239052700879617
1458,1.8691112654222615,1.2196946680410672
1459,3.254757130038953,0.2048814540001032
1460,2.0238021852982784,1.5366614664783311
1461,2.6501982312929657,2.3241642126420365
1462,2.344918086911687,1.5541709698123027
1463,1.908527604556256,1.7121518726641465
1464,1.562612698654122,1.6633029644998838
1465,2.141369234694146,1.3323780273142494
1466,-0.13879677734980211,1.1912149089078619
1467,1.2409662671353465,1.2330785526086983
1468,0.01924873323446727,-0.09357102306290149
1469,2.308789476544311,0.8807971320483061
1470,2.483378802121718,0.10672638035033319
1471,1.2872954408393116,1.7791198488651911
1472,3.041527216163337,1.898454008345364
1473,2.5056370666801704,0.9713302690179254
1474,2.320363661636184,2.126503416977437
1475,1.85945315332633,2.0109433465911026
1476,2.508742726627912,1.6129249857200263
1477,3.120315343211632,1.2623048113407194
1478,1.2260263149678594,1.708633733443567
1479,1.0103048120637754,2.093054420758127
1480,3.2387229321525455,0.7890295198658182
1481,-0.5946525463905722,0.6628321475102175
1482,-0.9218397250122123,2.224285431321298
1483,-0.07711781951845653,-0.4971748056678676
1484,2.1327248225130955,-0.7124781178079368
1485,2.1151709271131156,-0.10642317460059872
1486,2.5375645338521666,1.4843163674172262
1487,2.1538771432074624,1.5509217727216489
1488,3.9775683008353946,2.0627456860278137
1489,3.573977528172806,1.3483297379696495
1490,3.3664161186583166,2.8758022264938408
1491,0.7709984997804912,2.544163068137744
1492,2.384451916844057,2.34100752531539
1493,1.1550209386169223,0.6475428372343023
1494,1.6132753153724357,1.8331730593161548
1495,0.928555368740716,0.8627684474080939
1496,1.89446575013796,1.0119748016081602
1497,2.512364935223059,0.563817201395251
1498,2.049494974189317,1.2890597444611342
1499,0.6573837559051774,1.7287447699605387
1500,0.3767203242132361,1.4900055129266212
1501,1.1888340637867043,0.48729597868997354
1502,0.9736266884854373,0.09273310854824396
1503,2.836503400529546,0.8059867613624458
1504,1.6493875819397203,0.6821352085026774
1505,1.748714764450694,1.9418001176170063
1506,1.7882239897080319,1.115423870746943
1507,3.2257327400648026,1.2433001125385326
1508,3.918518680735572,1.370548839155246
1509,2.4117270620515674,2.199975589205332
1510,1.9930456920357766,3.0091451850562927
1511,3.507394239233185,1.6528515037550775
1512,2.506892881596461,1.4199593337022183
1513,1.614027273278526,2.5324098143141502
1514,2.9666851482117065,1.6098790829019354
1515,2.234164525399575,1.1360306760818932
1516,0.40529784228610755,2.0594112478815947
1517,2.5206418102265395,1.3949600414389165
1518,2.468837441757178,0.422738209404634
1519,-0.09997570771955244,1.7067791238854986
1520,-0.25025983088248366,1.8440738490718944
1521,2.3638827484249694,0.14396864711398338
1522,2.7137679238025316,-0.21310583785240295
1523,2.6680949722608,1.6533748410178124
1524,0.7076799448876571,2.104395242844441
1525,1.621160090860825,1.8705375154661288
1526,2.634640062300477,0.3967671127903896
1527,0.14321881978260811,0.967358313056266
1528,1.9479740748973375,1.6984108381106104
1529,2.1572688459955494,0.022859823505955112
1530,2.866964354547413,1.2144146410051875
1531,-0.6857568732946275,1.5236124422666513
1532,2.022743636980114,1.870132625462086
1533,4.151901774311609,-0.5480620745690296
1534,1.3727054528866767,1.4719540714429387
1535,1.5174932496045184,2.771687752018087
1536,2.883118969874964,0.7946213336554544
1537,1.2750892518243835,1.1767913877384903
1538,3.163235587596031,1.908768493450678
1539,2.566091783368277,0.8640677822762728
1540,0.3585743577492228,2.3043200367135515
1541,2.1593901055065894,1.8450015944166844
1542,0.501615361291475,0.3574975666016069
1543,3.0779459290364106,1.5417164026163788
1544,0.049055231992794796,0.2489279049452702
1545,-0.028219750717467657,2.1192714857990724
1546,0.7597026161952088,0.045076130991689264
1547,1.0058875169861314,-0.13048637574727046
1548,3.3124281464061314,0.3977851114729489
1549,2.074828115728966,0.7990326663107099
1550,2.2210269155453624,2.219621621422224
1551,3.2756961777386304,1.545686135349293
1552,1.3901588534953837,1.7124685845165408
1553,1.5436025256663135,2.4727481388051187
1554,0.9940419852273454,0.8993509743087971
1555,2.8141374407422592,1.0312640965825683
1556,3.8288364063782385,0.7280619655004386
1557,2.3061388005636916,1.991418265339782
1558,1.2698905401887397,2.635684017736175
1559,1.4951692630773024,1.6818635533222506
1560,0.7519002475822066,0.8643693449413733
1561,2.9216847838440656,1.1640433614837578
1562,0.6316953824292648,0.32724719434639565
1563,1.7684994881289782,2.0937752088319863
1564,0.6184047497593703,0.346448996739012
1565,0.036051560982463676,1.363410612256344
1566,-0.7596256378642274,0.4672086306035735
1567,1.0727640876778888,0.07695784171875394
1568,2.270305806172785,-0.5013184878969603
1569,1.6471138430852035,0.7476458274059853
1570,1.704577399796952,1.5397238403186437
1571,0.7768485685570081,1.1083461271420214
1572,0.8004479347411281,1.0185018329745947
1573,0.8900571747073722,0.6083237498810684
1574,2.1334814444225745,0.46143797146532045
1575,4.2517049974981695,0.6223246989354159
1576,1.971754147394826,1.6152009192227765
1577,0.4899892109229235,2.9723911549062993
1578,3.3872293249042986,1.367571563656733
1579,0.820659762668993,0.2620752665831649
1580,2.6410714219661817,2.3988460438841375
1581,1.514084866043595,0.5754676505490586
1582,2.1542361398589507,1.9137946088575595
1583,5.6028995409222215,0.8868291721776231
1584,1.0306114781392501,1.3608556714780762
1585,1.3369302540706058,3.9043084163833623
1586,2.2196999686953074,0.5283690071799488
1587,1.8775145082794134,0.8375071263432371
1588,1.7136715875705724,1.7141395569723248
1589,1.2743923749046444,1.3459008281856857
1590,2.5902703253630155,1.1402971838420806
1591,3.139354307404709,0.8463147454489406
1592,0.972939853544927,1.83342156011274
1593,0.6681546813195404,2.115779107952302
1594,3.9334960335983085,0.6016570692278842
1595,0.4021516719818289,0.43753173839412496
1596,2.8530183339705464,2.8195987634741115
1597,2.336623522699086,0.13508958254568385
1598,0.5909742050752707,1.8013535426714622
1599,2.9026760871630053,1.7028696007577622
1600,0.966477401514704,0.5936973259677883
1601,0.9032940319624917,2.133673501285941
1602,0.3740739832889892,0.5791134266668498
1603,2.832885986809299,0.5474802834061095
1604,1.5830338461524978,0.33916606676242295
1605,3.1968612148794615,1.9861049532390325
1606,1.108603067110564,1.1078807931253924
1607,2.8025000815949883,2.36417408727272
1608,3.7832289930506087,1.0110994859043267
1609,1.9146136722163924,1.9709785937353352
1610,0.7027590673377407,2.589017383348385
1611,1.7524240832110702,1.4694816903061616
1612,3.6072722449297947,0.7167923740967475
1613,2.8024546589376857,1.2161482973185491
1614,1.6578100153293587,2.607487489661834
1615,0.09638813758348211,1.9769160108491435
1616,2.8753652342681786,1.2487417814363395
1617,3.7741555023006637,0.04763031912068934
1618,3.6031799015228394,1.802482080754371
1619,2.5635056684150612,2.729345300427533
1620,1.612035339106646,2.3443933587122023
1621,1.0813834563675035,1.7405708215222306
1622,1.1836315803475144,0.9419183167638634
1623,0.21714622764786998,0.788839981521262
1624,4.407182573690463,0.8877179651297913
1625,1.9328515939934248,0.11451478155826651
1626,4.7215239365293575,3.1837060857980175
1627,1.883661802367967,1.3186050750738703
1628,0.096455151896374,3.1816716322378973
1629,4.174766104223475,1.4456077533758132
1630,1.0940727336264082,0.10740106620812619
1631,1.5709356962609464,2.974971001334416
1632,3.7531679547809675,0.7056126693242848
1633,3.502633042883735,0.9976374984234985
1634,-0.1571793334554742,2.6988652923084486
1635,2.101010465653181,2.551693348735786
1636,0.6883782711471926,-0.22315875666001467
1637,2.8017000605021214,1.6793553421817315
1638,4.036008781973204,0.52447877102172
1639,1.3123538798303103,1.8427827268899675
1640,3.724979583533849,2.9076406501956327
1641,0.9488773985530458,0.8890338173515506
1642,4.272562301034882,2.490550442104973
1643,1.21909586354406,0.7915293225547775
1644,1.5398788537927661,3.0403442291371476
1645,2.290195739062622,0.816909739010423
1646,0.3553733186395519,0.9739424076300042
1647,3.569827156224582,1.4683944350360276
1648,0.9386402529305848,0.36442017052029263
1649,2.637530654166628,2.4610629430360307
1650,0.7710131110064974,0.8461043314803195
1651,2.23846880603189,1.963979023224943
1652,1.9335109729464663,0.48479894361413095
1653,1.6308789912017814,1.6248721531122314
1654,2.7169898394228906,1.5323064073532753
1655,0.8132331702133619,1.183363947014484
1656,3.7269831168167507,1.954823661078527
1657,2.313943963380003,0.6605150899239798
1658,-1.2067298896763399,2.472746733809401
1659,4.026660408534824,1.4403034494240479
1660,2.391395004663977,-0.9513009025694605
1661,3.7067064177542552,2.816446960010315
1662,1.7767994702500813,1.6454061864627743
1663,-0.34549550945138985,2.7380758419567526
1664,1.4955258899088035,1.2009751759879828
1665,0.5661196877106287,-0.32705021154165603
1666,1.8663948764488174,0.9555937078982374
1667,1.5380040533890948,0.46528738338863856
1668,2.1819920017838608,1.2585549072209934
1669,0.05528308803447314,1.0727348141006292
1670,2.002440336070177,1.470674092449091
1671,1.5690941673477221,0.11333234546145826
1672,2.5995862293602405,1.304434706752912
1673,-0.02052044234111644,0.9393782785377127
1674,1.668202266239818,1.9554907001231312
1675,3.7767647071306647,-0.061838876296835835
1676,0.70603978051076,1.1729505543902095
1677,2.6131667188567755,2.4450429599530077
1678,3.52193936946362,0.5526104891068094
1679,2.0021666549644217,1.8424821033563454
1680,2.910836352190954,2.2888322043744336
1681,3.1290546137112094,1.3849876743714469
1682,3.740613808842754,2.051468194473008
1683,1.5162268715047016,2.1111805226050238
1684,1.8632717137378394,2.6052303716538407
1685,3.048681298755665,1.2255049726864349
1686,0.9698035342055971,1.094302188459342
1687,2.1354041397405075,2.2166252715363624
1688,1.3747640520238187,0.822054254222576
1689,-0.6176788669982326,1.439049265489829
1690,2.212832305567594,0.8067604838405017
1691,3.8696142596232,-0.43543399887429873
1692,1.651457979455718,1.6097117424639897
1693,2.0588901511226823,2.674893002857602
1694,1.5007940512547722,1.1552300833895015
1695,1.2090281962242357,1.465310978877108
1696,2.135457964667347,1.036298890271666
1697,3.1768110360066,0.8429065655670916
1698,4.526005367722586,1.583398273557019
1699,3.021158147656414,2.3358016600857554
1700,0.9669976576471706,3.19270159787058
1701,0.5312065067287665,2.2157344016710456
1702,3.495096727126063,0.7344814431348895
1703,2.2171331758372306,0.24059123985482556
1704,1.4632973529572717,2.581374629732175
1705,0.9097489572367048,1.6235315303691555
1706,1.094603491127115,1.0074062415617755
1707,3.2965988021462946,0.5766556719827992
1708,2.004889101207442,0.7957068542215558
1709,0.6023434344212915,2.4504795707605376
1710,3.0625523932733723,1.5061378754136838
1711,2.384445108460961,0.4649726568109945
1712,1.7224406269159387,2.1864726900810716
1713,2.682534954904213,1.6831597575073673
1714,1.1603356456504008,1.276496437491861
1715,3.1361350970526036,1.9536145082993983
1716,0.333093155486841,0.7126750992619248
1717,1.1075498014903993,2.296631368422667
1718,0.58187920163045,0.32961575557769757
1719,1.4556863377990095,0.6891861647035802
1720,1.067109839411355,0.3076214172961447
1721,1.5734060581982727,0.9912970053017464
1722,2.104753949536502,0.8464862221705067
1723,2.48158370211735,0.9732901489565039
1724,2.2566216666487153,1.5687641512826855
1725,2.2693552472892855,1.7294181651925764
1726,3.680994175369637,1.495873004595763
1727,1.6718635141536897,1.55355180425289
1728,0.32423189166097005,2.505097347720077
1729,3.086721347960562,1.2105058141402036
1730,3.9521784456249867,0.15968426969374372
1731,2.2554605963270142,2.2101479763457847
1732,2.8138330416653163,2.656870308537971
1733,1.3569480926990387,1.6569488659889293
1734,2.2189527451370794,1.984392985168027
1735,2.502491734494727,0.7516275487097095
1736,2.5349186357137037,1.6717524228342473
1737,1.3250280088591124,1.670439641099925
1738,3.715294614711108,1.6960448883577606
1739,2.148241849027367,0.8856637627147211
1740,3.0774954134577572,2.6549836176611072
1741,2.406320713896458,1.46373312292421
1742,3.038141251262611,2.2313463957493354
1743,2.9316302830019025,1.5894761564848257
1744,1.773122384328048,2.13759192455136
1745,2.7915425982875264,1.9266371022400801
1746,4.359342549518871,1.2240269190033
1747,4.173854208974963,1.9290428124894126
1748,2.91391863482733,3.1250128574376177
1749,3.8856260440359427,2.9513432448476946
1750,0.45152892380923615,1.930040446218423
1751,3.690069245925986,2.7903715393497204
1752,2.032109179213345,0.26581571820227656
1753,0.014411368170049524,2.5630887844759997
1754,2.0743144410310874,1.31505922129825
1755,2.9238522471214345,-0.13998572304892481
1756,1.365212004337066,1.5828625514845975
1757,4.0156748695713596,1.9315267038696224
1758,3.5457652021307657,1.0172631590777304
1759,0.6357471883221986,2.8493448481593298
1760,3.1410863349630365,2.5131226875152066
1761,2.363861314080411,0.6857143896597692
1762,1.1249730771571627,1.9305817798234002
1763,1.671906357941888,1.6749040846421817
1764,1.479770046327746,0.7567457033252679
1765,0.5641204576947867,1.0723530330944615
1766,1.5361033817750807,1.0650978315993431
1767,2.70416654121926,0.3370930588076451
1768,3.459475833505246,0.9662119705004966
1769,3.541378849538064,1.8301232579638036
1770,1.472251813861789,2.524581699498302
1771,1.8007773461136987,2.4087149856328582
1772,1.0730112199790538,1.0488959382919696
1773,3.153556681790806,1.281098086647013
1774,0.37955834317581194,0.9436344076295129
1775,0.5659173946957272,2.273011284698942
1776,1.1979011967502837,0.16302340541543214
1777,2.3398185236175344,0.4593399109862214
1778,1.6754446033286445,0.867238219112467
1779,1.9473374664368135,1.548840136666681
1780,2.1032739683506034,1.2237971062990443
1781,2.244427643127198,1.3509561698713213
1782,0.8681197692561526,1.4783208264215186
1783,1.5626171363999872,1.5070122342284247
1784,2.675768855818772,0.6480791249491948
1785,2.310005810961874,1.095585735154631
1786,3.1137578086523043,1.784158711406381
1787,1.0634718568105614,1.501322627438491
1788,2.806950743601318,1.9896936548974666
1789,3.7058630589398325,0.8370061444072393
1790,1.7236944661199458,1.8454093076534783
1791,2.4299567623040894,2.731537744756895
1792,2.290192248846341,1.249069997400687
1793,2.5860643678333677,1.6977964531394294
1794,2.5472644027724556,1.723685750574545
1795,3.623702487806476,1.8175110667027976
1796,2.5073305046726437,1.7257141574388632
1797,2.94471901016849,2.5303588777582053
1798,2.2868819799057825,1.6773339296258543
1799,0.949896825048886,2.1571474423902464
1800,2.4444052077602305,1.5685262063793397
1801,1.6744254283183437,0.5923048307630406
1802,1.3559904640985965,1.765670270592674
1803,1.021283475342216,1.1771889833548381
1804,1.8489016528603728,0.8755317663615355
1805,1.3911050107562748,0.7742139556218642
1806,4.221150174977145,1.271741839702119
1807,3.6312037341791807,0.8485281538847556
1808,1.6289776828468265,2.877406130545547
1809,2.8221004569192916,2.5838701817843615
1810,3.283251043641695,1.1508766748704196
1811,1.743745451787704,1.9093390807162285
1812,4.089028422226926,2.3542474480114213
1813,3.088307761606189,1.2946081729029646
1814,1.9517774804465724,2.925977401142684
1815,-0.11960946886007018,2.021435006770787
1816,1.1008342994702125,1.5296292648385532
1817,2.4673117744901565,0.03302334922959593
1818,1.4230741358522847,0.6757484894043484
1819,2.0744300990289193,1.8243769289302945
1820,1.1079011033013422,0.9700978945630848
1821,2.3542553190681565,1.534741384135767
1822,1.5703046937734737,0.8499677078896435
1823,0.20347009845857256,1.5594252840552083
1824,1.6179580396105644,1.0929789016805769
1825,1.3622431776776251,0.13390072253302973
1826,0.21548661273200947,1.0548806435704043
1827,3.4115624801957387,0.7996377996117322
1828,1.734288050128553,-0.031215258188507816
1829,1.5232957097749218,2.2709421324990386
1830,2.856810328444383,1.2453996708926232
1831,1.9720121805853192,1.1291739402856076
1832,2.94863326148042,2.1043775022553293
1833,0.24468874409838928,1.2538173517164068
1834,0.8686619567925672,2.073026694146844
1835,2.6338613060490252,0.20539307683456826
1836,3.566021461043648,0.5329977338136613
1837,2.1097056468413524,1.9203958822868266
1838,2.1332498767093373,2.391387208655697
1839,0.9069082442339526,1.2894904916355943
1840,2.1376572187078553,1.6638615969231658
1841,1.296188432857079,0.7108545888254794
1842,1.848867819675787,1.5214898001399437
1843,2.773385840970341,0.8862096079721087
1844,-0.44301827779247593,1.0498295345712434
1845,2.034283148367751,1.7413249380126476
1846,0.9389219734492443,-0.48619507711670223
1847,1.3566826139510446,1.4919212547279943
1848,3.112386106689219,0.5176414418945049
1849,2.2806261008870865,0.9053202995283143
1850,3.187493801507063,2.3391714851597416
1851,-0.02883800511852541,1.5077524528288548
1852,1.431981408720808,2.1144655709745845
1853,1.5163543245592823,-0.004798441828385949
1854,1.5005187696095017,1.1512783940902855
1855,2.5259892581817196,1.1031793305549709
1856,2.938918114519316,1.0037676239579183
1857,0.7415062386340008,1.7271554762308037
1858,1.0383698559351993,2.1545413569167144
1859,0.7203099321076653,0.6165174747995255
1860,3.2988760907978705,0.7633676478850606
1861,1.5132909892439945,0.5837163559945135
1862,2.096611377456815,2.517343500336111
1863,1.6276065125264922,1.0523419523487496
1864,0.8132304167894994,1.3408806244004112
1865,2.318439627110306,1.0471771148633615
1866,2.5542382242218022,0.7021699592415254
1867,3.2013607315622137,1.788810327534935
1868,1.7933556567449227,1.8292845042940702
1869,1.5767243031921896,2.1444729786320154
1870,1.381070466479258,1.280493347656188
1871,3.444897461494599,0.9116487502787479
1872,2.901137402421111,0.7595630450186527
1873,1.849091589512347,2.3049435412305437
1874,2.7243630641344,2.041288279207122
1875,1.4302128412060864,1.3690050759757055
1876,4.294388801141931,1.9415207078521717
1877,1.3389925501125628,0.9908644142502221
1878,1.5532555427608425,2.976985554555466
1879,1.7796462573435594,1.1250757121066415
1880,3.7558878369699316,0.9718082550251369
1881,2.2263250693952092,1.3097147699502127
1882,3.27362741432038,2.7098884804231638
1883,2.0543391520726426,1.7338733547998169
1884,0.7692723284778683,2.3950839867964335
1885,2.9093324386565396,1.4943416538481673
1886,1.343678623431373,0.5712714543289354
1887,0.572082097446402,2.058989567050982
1888,1.6509320331582922,1.0491901681364544
1889,2.7098942097344296,0.4155288668569492
1890,3.97803397857685,1.1929728370938402
1891,0.3909642657827576,1.8141159405412866
1892,-0.27949494634386496,2.9240926287256093
1893,3.042026391419705,0.2925286803367653
1894,2.260941749147498,-0.2647610981374791
1895,1.3789064775690718,2.128145153193701
1896,2.4232336496394637,1.5456947657457538
1897,2.762678924710886,0.9255260778501506
1898,3.917551556100057,1.5105394896568762
1899,2.071608261885271,2.148859634693098
1900,3.502849245719161,2.837355146195494
1901,1.5863024881490007,1.5333598072232875
1902,1.4289939548602657,2.4416240415388
1903,2.5488419335730956,1.193102902063441
1904,0.8495813064850103,1.0763413295022488
1905,0.44585414509881705,1.6621984272175432
1906,3.159188031169269,0.6943825388543117
1907,0.0909694873493967,0.5624499636620284
1908,2.3051556364677093,2.391904177595577
1909,1.9088649004992164,0.32976003208885857
1910,1.4531500168612483,1.4770811739352065
1911,0.48434443011386086,1.2860856833313836
1912,-0.34211396862038834,0.9145837216901748
1913,1.2189087403522878,0.28494916509807083
1914,0.758480188676462,-0.19925978712476963
1915,1.7114821482557891,1.0326791937878477
1916,2.103122760106962,0.5372191864431177
1917,1.1841268227954664,1.198100581227312
1918,0.8451954232455864,1.4971591875105137
1919,2.180897520582148,0.6907407957479196
1920,1.2810094038441986,0.7106643597524022
1921,0.7918793605592087,1.3739926301511411
1922,1.6030528169410736,0.8288279975789472
1923,2.3177461490731477,0.5580211216865882
1924,4.3109980639091665,1.1135117627694282
1925,3.791641250086019,1.6391458482357066
1926,0.47909837021475254,2.886516050124261
1927,0.4412354379365504,2.5520584518951135
1928,2.0788864417909863,0.34306619153500517
1929,2.3764198876453313,0.07258586001116774
1930,1.8457690599369683,1.4458656880223788
1931,4.540899465865128,1.8148273113358921
1932,3.373480220647131,1.3707413203607406
1933,3.8740189210907015,3.248585442782312
1934,1.5687630811094981,2.389856915122586
1935,0.970309791068771,2.6686905808899914
1936,0.850999840363329,1.1264511178956655
1937,1.9190378808318438,0.7234144553251076
1938,0.5746140297977821,0.5544988270633943
1939,1.436119688527019,1.4766174641756644
1940,1.6105694943442006,0.4866460285341431
1941,3.038422866400094,1.0049934462497896
1942,1.4234311201220626,1.0709928810955112
1943,0.5222942493395388,2.1969607773668787
1944,1.465743236544176,0.9543656206322201
1945,2.2663357687317562,0.4245005396539562
1946,2.690231976523921,1.0992423778501628
1947,0.9755260047856192,1.5757860028630224
1948,2.6180202495866283,1.7890700057168263
1949,3.52177291158018,0.679132961594965
1950,2.5912317552839164,1.8853776500385901
1951,2.3377585984197142,2.5403241932505947
1952,1.5019019751048377,1.808687190506446
1953,1.2076879303844208,1.5159934524114747
1954,-0.04145198924543686,1.2428189694317666
1955,2.8778073040330883,1.0544476106041347
1956,1.5534730276265387,-0.08602359292960822
1957,2.244584719600147,2.091210193289664
1958,2.56668273218011,1.1027115175737638
1959,1.0175482430089682,1.4538005944939698
1960,3.1619298065519166,1.8399124648381668
1961,2.126182443988568,0.7140445740334141
1962,3.7457555934162308,2.3124116855751717
1963,2.2709365709790315,1.57343284712913
1964,2.309167716812112,2.5807094673514706
1965,1.6457866699835115,1.5361571219040144
1966,3.6442371844849517,1.636599194124264
1967,-0.5048283700898575,0.9610643588806103
1968,1.300132808684186,2.437213995056261
1969,1.874307897780846,-0.14351256793920447
1970,0.3819047775816744,0.9754605522764157
1971,0.9334485156222038,1.119636961003594
1972,-0.3680304763581539,0.28863784946053406
1973,2.337755080471231,0.7817430804046734
1974,0.3716067597203245,-0.34026427524648656
1975,2.361255585109416,1.5908376203468815
1976,1.8010325606303839,0.3491171579920574
1977,1.2633116194163905,1.8321753930562472
1978,0.36603441567396516,1.3359180791121004
1979,1.3878938266555074,1.0233445891438941
1980,2.3484750957628115,0.2630129844975695
1981,1.8229212884488615,0.9324388803609452
1982,2.775947070904512,1.6870114587237732
1983,1.1285888629273975,1.2717970602163373
1984,3.6474224986681136,1.8239925745792458
1985,1.7361048542940176,0.7878658163441769
1986,1.085583266661684,2.56849398770003
1987,3.3644846863857487,1.138582929860954
1988,3.283407432527435,0.5499925934313531
1989,1.8143721594016426,2.2686976886700423
1990,1.4288963378961232,2.260013868998493
1991,3.0509300374056827,1.3199084461576338
1992,1.0766710032545779,1.0604491047615974
1993,3.0188311946166992,2.125771524828595
1994,0.49630309662095506,0.7758713708560279
1995,2.0500049928208015,2.2549194292462027
1996,2.0114922030004143,0.3459733127225435
1997,3.3545624354172774,1.4606565231372346
1998,-0.0773845498488603,1.342801589376316
1999,2.2883274098194786,2.3786407204469087
2000,1.8416006183032099,-0.0797870531373779
2001,2.0715996416934845,1.6702297126932226
2002,1.0063793622634354,1.2680158954576564
2003,0.7391026920412712,1.621306754766377
2004,1.3961788029339552,0.6100951244440992
2005,1.8129843305437299,0.5961863781099084
2006,3.5132233024195902,0.8678466383336524
2007,2.236196989393344,1.3827662128893594
2008,1.9372774716092946,2.401237663440848
2009,2.614906351553977,1.4120633222534866
2010,0.23535545277736847,1.3644897879024442
2011,2.8662452885268292,1.9018566427484824
2012,3.0283974269485245,0.1862324884544592
2013,3.098342046686697,2.106855494345398
2014,1.7530042295913275,2.2391758969632702
2015,0.7066217741875757,2.2342362023916493
2016,0.8514072980510939,1.1619316149190846
2017,2.50010842980234,0.7225444158922525
2018,2.528889365702441,0.5344331445771751
2019,3.4566177811101237,1.8024889289062547
2020,3.572099886785429,1.6687449932611886
2021,3.0536585588642784,2.5149178966631567
2022,1.9737093533562837,2.4368575958755407
2023,2.3660711653475506,2.2122202041713237
2024,1.7480045705780234,1.3884447246576819
2025,3.1874154176128657,1.6833099359675128
2026,2.6101501963965035,1.1800546915313677
2027,2.0439448818991446,2.0376900346314835
2028,0.6573818198567896,1.8656475491781965
2029,3.2094542934271546,1.4888881873029762
2030,0.5539149120479274,0.6936571881337648
2031,3.370565782316184,2.2622233815965953
2032,3.083247366530068,0.3878953505892095
2033,0.2559617626608467,2.361133512377021
2034,2.0042558556623127,2.2158397818805176
2035,0.4583346247696334,0.0030415445538028163
2036,1.9581935250324503,1.5202538758561146
2037,2.444157163049764,0.15430442951749945
2038,1.72768377672877,1.2487211539289411
2039,0.4221304654668805,1.6332953066841944
2040,2.1202275599852216,1.0426961987871624
2041,2.2719088767010507,0.28196372530480357
2042,2.063983211344418,1.578100794950618
2043,0.8525499692379642,1.5925390552007912
2044,1.6555963182762146,1.4851443944517329
2045,2.3800109186683662,0.6814160118747289
2046,1.879516363695636,1.208988589920816
2047,4.284921576316564,1.62704488814745
2048,2.3623822911650185,1.3963563645548032
2049,1.5759039889777946,2.8027865598635957
